{"cameraMode":{"drawMode":0,"name":"Shaded","section":"Shading Mode"},"sceneLighting":false,"audioPlay":false,"sceneViewState":{"m_AlwaysRefresh":false,"showFog":true,"showSkybox":false,"showFlares":true,"showImageEffects":true,"showParticleSystems":true,"showVisualEffectGraphs":true,"m_FxEnabled":true},"in2DMode":false,"pivot":{"x":0.27012676000595095,"y":0.14866356551647187,"z":0.3964042663574219},"rotation":{"x":-0.07155527174472809,"y":-0.5810472369194031,"z":0.051387492567300799,"w":-0.8090900182723999},"size":0.6371028423309326,"orthographic":false}